00bb86e8	float kbGetTargetSelectorFactor(int type) : gets the TargetSelector Factor value.	"float kbGetTargetSelectorFactor(int type) : gets the TargetSelector Factor value."	ds	1
00bb8758	int kbSetTargetSelectorFactor(int type, float val) : sets the TargetSelector Factor value.	"int kbSetTargetSelectorFactor(int type, float val) : sets the TargetSelector Factor value."	ds	1
00bb87d0	void kbSetForwardBasePosition(vector position) set the explicit position that every forward base will use.	"void kbSetForwardBasePosition(vector position) set the explicit position that every forward base will use."	ds	1
00bb8858	int kbFindBestBuildingToRepair(vector position, float distance, float healthRatio, int repairUnderAttackUnitTypeID) : returns the id of the best building to repair.	"int kbFindBestBuildingToRepair(vector position, float distance, float healthRatio, int repairUnderAttackUnitTypeID) : returns the id of the best building to repair."	ds	1
00bb8920	int kbFindAreaGroupByLocation( int groupType, float relativeX, float relativeZ ) : returns the visible area group that matches the given criteria.	"int kbFindAreaGroupByLocation( int groupType, float relativeX, float relativeZ ) : returns the visible area group that matches the given criteria."	ds	1
00bb89d0	int kbFindAreaGroup( int groupType, float surfaceAreaRatio, int compareAreaID) : returns the visible area group that matches the given criteria.	"int kbFindAreaGroup( int groupType, float surfaceAreaRatio, int compareAreaID) : returns the visible area group that matches the given criteria."	ds	1
00bb8a78	int kbUnitPickGetResult( int upID, int index ) : Returns the index-th ProtoUnitID.	"int kbUnitPickGetResult( int upID, int index ) : Returns the index-th ProtoUnitID."	ds	1
00bb8ae0	int kbUnitPickGetNumberResults( int upID ) : Returns the number of unit pick results.	"int kbUnitPickGetNumberResults( int upID ) : Returns the number of unit pick results."	ds	1
00bb8b54	int kbUnitPickRun( int upID ) : Runs the unit pick.	"int kbUnitPickRun( int upID ) : Runs the unit pick."	ds	1
00bb8b98	bool kbUnitPickAdjustPreferenceFactor( int upID, int unitTypeID, float baseFactorAdjustment ) : Adjusts the preferenceFactor for that unit type (uses 50.0 as the base if the UP doesn't exist yet).	"bool kbUnitPickAdjustPreferenceFactor( int upID, int unitTypeID, float baseFactorAdjustment ) : Adjusts the preferenceFactor for that unit type (uses 50.0 as the base if the UP doesn't exist yet)."	ds	1
00bb8c88	bool kbUnitPickSetPreferenceFactor( int upID, int unitTypeID, float preferenceFactor ) : Sets the preferenceFactor for that unit type.	"bool kbUnitPickSetPreferenceFactor( int upID, int unitTypeID, float preferenceFactor ) : Sets the preferenceFactor for that unit type."	ds	1
00bb8d30	int kbUnitPickGetGoalCombatEfficiencyType( int upID ) : Gets the unit pick attack unit type.	"int kbUnitPickGetGoalCombatEfficiencyType( int upID ) : Gets the unit pick attack unit type."	ds	1
00bb8db8	bool kbUnitPickSetGoalCombatEfficiencyType( int upID, int type ) : Sets the unit pick attack unit type.	"bool kbUnitPickSetGoalCombatEfficiencyType( int upID, int type ) : Sets the unit pick attack unit type."	ds	1
00bb8e48	int kbUnitPickGetAttackUnitType( int upID ) : Gets the unit pick attack unit type.	"int kbUnitPickGetAttackUnitType( int upID ) : Gets the unit pick attack unit type."	ds	1
00bb8eb8	bool kbUnitPickSetAttackUnitType( int upID, int type ) : Sets the unit pick attack unit type.	"bool kbUnitPickSetAttackUnitType( int upID, int type ) : Sets the unit pick attack unit type."	ds	1
00bb8f38	int kbUnitPickGetMaximumPop( int upID ) : Gets the unit pick maximum pop.	"int kbUnitPickGetMaximumPop( int upID ) : Gets the unit pick maximum pop."	ds	1
00bb8fa0	bool kbUnitPickSetMaximumPop( int upID, int number ) : Sets the unit pick desired max pop.	"bool kbUnitPickSetMaximumPop( int upID, int number ) : Sets the unit pick desired max pop."	ds	1
00bb9018	int kbUnitPickGetMinimumPop( int upID ) : Gets the unit pick minimum pop.	"int kbUnitPickGetMinimumPop( int upID ) : Gets the unit pick minimum pop."	ds	1
00bb9080	bool kbUnitPickSetMinimumPop( int upID, int number ) : Sets the unit pick desired min pop.	"bool kbUnitPickSetMinimumPop( int upID, int number ) : Sets the unit pick desired min pop."	ds	1
00bb90f8	int kbUnitPickGetMaximumNumberUnits( int upID ) : Gets the unit pick maximum number units.	"int kbUnitPickGetMaximumNumberUnits( int upID ) : Gets the unit pick maximum number units."	ds	1
00bb9178	bool kbUnitPickSetMaximumNumberUnits( int upID, int number ) : Sets the unit pick desired number unit types.	"bool kbUnitPickSetMaximumNumberUnits( int upID, int number ) : Sets the unit pick desired number unit types."	ds	1
00bb9208	int kbUnitPickGetMinimumNumberUnits( int upID ) : Gets the unit pick minimum number units.	"int kbUnitPickGetMinimumNumberUnits( int upID ) : Gets the unit pick minimum number units."	ds	1
00bb9288	bool kbUnitPickSetMinimumNumberUnits( int upID, int number ) : Sets the unit pick desired number unit types.	"bool kbUnitPickSetMinimumNumberUnits( int upID, int number ) : Sets the unit pick desired number unit types."	ds	1
00bb9318	int kbUnitPickGetDesiredNumberBuildings( int upID, int index ) : gets the unit pick desired number buildings for the index-th unit type.	"int kbUnitPickGetDesiredNumberBuildings( int upID, int index ) : gets the unit pick desired number buildings for the index-th unit type."	ds	1
00bb93c8	bool kbUnitPickSetDesiredNumberBuildings( int upID, int index, int numberBuildings ) : Sets the unit pick desired number buildings for the index-th unit type.	"bool kbUnitPickSetDesiredNumberBuildings( int upID, int index, int numberBuildings ) : Sets the unit pick desired number buildings for the index-th unit type."	ds	1
00bb9490	int kbUnitPickGetDesiredNumberUnitTypes( int upID ) : Gets the unit pick desired number unit types.	"int kbUnitPickGetDesiredNumberUnitTypes( int upID ) : Gets the unit pick desired number unit types."	ds	1
00bb9518	bool kbUnitPickSetDesiredNumberUnitTypes( int upID, int number, int numberBuildings, bool degradeNumberBuildings ) : Sets the unit pick desired number unit types.	"bool kbUnitPickSetDesiredNumberUnitTypes( int upID, int number, int numberBuildings, bool degradeNumberBuildings ) : Sets the unit pick desired number unit types."	ds	1
00bb95e0	bool kbUnitPickSetMovementType( int upID, int movementType ) : Sets the unit pick movement type.	"bool kbUnitPickSetMovementType( int upID, int movementType ) : Sets the unit pick movement type."	ds	1
00bb9660	bool kbUnitPickSetCostWeight( int upID ) : Sets the unit pick cost weight.	"bool kbUnitPickSetCostWeight( int upID ) : Sets the unit pick cost weight."	ds	1
00bb96c8	bool kbUnitPickAddCombatEfficiencyType( int upID, int typeID, float weight ) : Adds an enemy unit typeID to the unit pick combat efficiency calculation.	"bool kbUnitPickAddCombatEfficiencyType( int upID, int typeID, float weight ) : Adds an enemy unit typeID to the unit pick combat efficiency calculation."	ds	1
00bb9788	bool kbUnitPickResetCombatEfficiencyTypes( int upID ) : Resets the enemy unit typeIDs for the unit pick combat efficiency calculation.	"bool kbUnitPickResetCombatEfficiencyTypes( int upID ) : Resets the enemy unit typeIDs for the unit pick combat efficiency calculation."	ds	1
00bb9838	bool kbUnitPickSetCombatEfficiencyWeight( int upID ) : Sets the unit pick combat efficiency weight.	"bool kbUnitPickSetCombatEfficiencyWeight( int upID ) : Sets the unit pick combat efficiency weight."	ds	1
00bb98c0	bool kbUnitPickSetEnemyPlayerID( int upID, int playerID ) : Sets the unit pick enemy player ID.	"bool kbUnitPickSetEnemyPlayerID( int upID, int playerID ) : Sets the unit pick enemy player ID."	ds	1
00bb9940	bool kbUnitPickSetPreferenceWeight( int upID, float v ) : Sets the unit pick preference weight.	"bool kbUnitPickSetPreferenceWeight( int upID, float v ) : Sets the unit pick preference weight."	ds	1
00bb99c0	float kbUnitPickGetPreferenceWeight( int upID ) : Gets the unit pick preference weight.	"float kbUnitPickGetPreferenceWeight( int upID ) : Gets the unit pick preference weight."	ds	1
00bb9a38	bool kbUnitPickResetResults( int upID ) : Resets the unit pick results.	"bool kbUnitPickResetResults( int upID ) : Resets the unit pick results."	ds	1
00bb9a98	bool kbUnitPickResetAll( int upID ) : Resets all of the unit pick data.	"bool kbUnitPickResetAll( int upID ) : Resets all of the unit pick data."	ds	1
00bb9af8	bool kbUnitPickDestroy( int upID ): Destroys the given unit pick.	"bool kbUnitPickDestroy( int upID ): Destroys the given unit pick."	ds	1
00bb9b50	int kbUnitPickCreate( string name ): Creates a unit pick.	"int kbUnitPickCreate( string name ): Creates a unit pick."	ds	1
00bb9bb0	int kbGetRandomEnabledPUID( int unitTypeID, int escrowID ): Returns a random, valid PUID that's of the given type.	"int kbGetRandomEnabledPUID( int unitTypeID, int escrowID ): Returns a random, valid PUID that's of the given type."	ds	1
00bb9c40	int kbGetBlockID( string blockName ): Returns the UnitID of the cinematic block.	"int kbGetBlockID( string blockName ): Returns the UnitID of the cinematic block."	ds	1
00bb9ca8	vector kbGetBlockPosition( string blockName ): Returns the position of the cinematic block.	"vector kbGetBlockPosition( string blockName ): Returns the position of the cinematic block."	ds	1
00bb9d18	bool kbLocationVisible( vector location ): Returns true if the location is currently visible to the player.	"bool kbLocationVisible( vector location ): Returns true if the location is currently visible to the player."	ds	1
00bb9d98	bool kbUnitVisible( int unitID ): Returns true if the unit is currently visible to the player.	"bool kbUnitVisible( int unitID ): Returns true if the unit is currently visible to the player."	ds	1
00bb9e08	int kbBaseGetNumberUnits( int playerID, int baseID, int relation, int unitTypeID ): Returns the number of units that match the criteria.	"int kbBaseGetNumberUnits( int playerID, int baseID, int relation, int unitTypeID ): Returns the number of units that match the criteria."	ds	1
00bb9eb0	bool kbBaseRemoveUnit( int playerID, int baseID, int unitID ): Removes the given unit to the base.	"bool kbBaseRemoveUnit( int playerID, int baseID, int unitID ): Removes the given unit to the base."	ds	1
00bb9f28	bool kbBaseAddUnit( int playerID, int baseID, int unitID ): Adds the given unit to the base.	"bool kbBaseAddUnit( int playerID, int baseID, int unitID ): Adds the given unit to the base."	ds	1
00bb9f98	void kbBaseSetMaximumResourceDistance( int playerID, int baseID, float distance ): Sets the maximum resource distance of the base.	"void kbBaseSetMaximumResourceDistance( int playerID, int baseID, float distance ): Sets the maximum resource distance of the base."	ds	1
00bba050	float kbBaseGetMaximumResourceDistance( int playerID, int baseID ): Gets the maximum resource distance of the base.	"float kbBaseGetMaximumResourceDistance( int playerID, int baseID ): Gets the maximum resource distance of the base."	ds	1
00bba0e8	bool kbBaseGetEconomy( int playerID, int baseID ): Gets the economy flag of the base.	"bool kbBaseGetEconomy( int playerID, int baseID ): Gets the economy flag of the base."	ds	1
00bba158	bool kbBaseSetEconomy( int playerID, int baseID, bool Economy ): Sets the economy flag of the base.	"bool kbBaseSetEconomy( int playerID, int baseID, bool Economy ): Sets the economy flag of the base."	ds	1
00bba1d0	bool kbBaseSetMilitaryGatherPoint( int playerID, int baseID, vector gatherPoint ): Sets the military gather point of the base.	"bool kbBaseSetMilitaryGatherPoint( int playerID, int baseID, vector gatherPoint ): Sets the military gather point of the base."	ds	1
00bba270	vector kbBaseGetMilitaryGatherPoint( int playerID, int baseID ): Gets the military gather point of the base.	"vector kbBaseGetMilitaryGatherPoint( int playerID, int baseID ): Gets the military gather point of the base."	ds	1
00bba300	bool kbBaseGetMilitary( int playerID, int baseID ): Gets the military flag of the base.	"bool kbBaseGetMilitary( int playerID, int baseID ): Gets the military flag of the base."	ds	1
00bba370	bool kbBaseSetMilitary( int playerID, int baseID, bool military ): Sets the military flag of the base.	"bool kbBaseSetMilitary( int playerID, int baseID, bool military ): Sets the military flag of the base."	ds	1
00bba3f0	bool kbBaseGetSettlement( int playerID, int baseID ): Gets the settlement flag of the base.	"bool kbBaseGetSettlement( int playerID, int baseID ): Gets the settlement flag of the base."	ds	1
00bba460	bool kbBaseSetSettlement( int playerID, int baseID, bool settlement ): Sets the settlement flag of the base.	"bool kbBaseSetSettlement( int playerID, int baseID, bool settlement ): Sets the settlement flag of the base."	ds	1
00bba4e8	bool kbBaseGetForward( int playerID, int baseID ): Gets the forward flag of the base.	"bool kbBaseGetForward( int playerID, int baseID ): Gets the forward flag of the base."	ds	1
00bba558	bool kbBaseSetForward( int playerID, int baseID, bool forward ): Sets the forward flag of the base.	"bool kbBaseSetForward( int playerID, int baseID, bool forward ): Sets the forward flag of the base."	ds	1
00bba5d0	bool kbBaseGetMain( int playerID, int baseID ): Gets the main flag of the base.	"bool kbBaseGetMain( int playerID, int baseID ): Gets the main flag of the base."	ds	1
00bba630	bool kbBaseSetMain( int playerID, int baseID, bool main ): Sets the main flag of the base.	"bool kbBaseSetMain( int playerID, int baseID, bool main ): Sets the main flag of the base."	ds	1
00bba6a0	int kbBaseGetMainID( int playerID ): Gets the main base ID for the player.	"int kbBaseGetMainID( int playerID ): Gets the main base ID for the player."	ds	1
00bba700	bool kbBaseGetActive( int playerID, int baseID ): Gets the active flag of the base.	"bool kbBaseGetActive( int playerID, int baseID ): Gets the active flag of the base."	ds	1
00bba768	bool kbBaseSetActive( int playerID, int baseID, bool active ): Sets the active flag of the base.	"bool kbBaseSetActive( int playerID, int baseID, bool active ): Sets the active flag of the base."	ds	1
00bba7e0	bool kbBaseGetUnderAttack( int playerID, int baseID ): Gets the under attack flag of the base.	"bool kbBaseGetUnderAttack( int playerID, int baseID ): Gets the under attack flag of the base."	ds	1
00bba858	int kbBaseGetTimeUnderAttack( int playerID, int baseID ): Returns the number of continuous seconds the base has been under attack.	"int kbBaseGetTimeUnderAttack( int playerID, int baseID ): Returns the number of continuous seconds the base has been under attack."	ds	1
00bba8f8	vector kbBaseGetBackVector( int playerID, int baseID ): Gets the back vector of the base.	"vector kbBaseGetBackVector( int playerID, int baseID ): Gets the back vector of the base."	ds	1
00bba968	vector kbBaseGetFrontVector( int playerID, int baseID ): Gets the front vector of the base.	"vector kbBaseGetFrontVector( int playerID, int baseID ): Gets the front vector of the base."	ds	1
00bba9e0	bool kbBaseSetFrontVector( int playerID, int baseID, vector frontVector ): Sets the front (and back) of the base.	"bool kbBaseSetFrontVector( int playerID, int baseID, vector frontVector ): Sets the front (and back) of the base."	ds	1
00bbaa70	int kbBaseGetOwner( int baseID ): Returns the player ID of the specified base's owner.	"int kbBaseGetOwner( int baseID ): Returns the player ID of the specified base's owner."	ds	1
00bbaad8	vector kbBaseGetLocation( int playerID, int baseID ): Gets the last known damage location of the base.	"vector kbBaseGetLocation( int playerID, int baseID ): Gets the last known damage location of the base."	ds	1
00bbab68	vector kbBaseGetLocation( int playerID, int baseID ): Gets the location of the base.	"vector kbBaseGetLocation( int playerID, int baseID ): Gets the location of the base."	ds	1
00bbabd8	void kbBaseDestroyAll( int playerID ): Destroys all of the bases for the given player.	"void kbBaseDestroyAll( int playerID ): Destroys all of the bases for the given player."	ds	1
00bbac48	bool kbBaseDestroy( int playerID, int baseID ): Destroys the given base.	"bool kbBaseDestroy( int playerID, int baseID ): Destroys the given base."	ds	1
00bbaca8	int kbBaseFindCreateResourceBase( int enemyPlayerID, int enemyBaseID ): Finds/Creates a 'forward' military base against the given enemy base.	"int kbBaseFindCreateResourceBase( int enemyPlayerID, int enemyBaseID ): Finds/Creates a 'forward' military base against the given enemy base."	ds	1
00bbad58	int kbBaseFindCreateResourceBase( int resourceType, int resourceSubType, int parentBaseID ): Finds/Creates a resource base.	"int kbBaseFindCreateResourceBase( int resourceType, int resourceSubType, int parentBaseID ): Finds/Creates a resource base."	ds	1
00bbadf8	int kbBaseCreate( int playerID, string name, vector position, float distance ): Creates a base.	"int kbBaseCreate( int playerID, string name, vector position, float distance ): Creates a base."	ds	1
00bbae78	int kbBaseGetIDByIndex( int playerID, int index ): Returns the BaseID for the given base.	"int kbBaseGetIDByIndex( int playerID, int index ): Returns the BaseID for the given base."	ds	1
00bbaee8	int kbBaseGetNumber( int playerID ): Returns the number of bases for the given player.	"int kbBaseGetNumber( int playerID ): Returns the number of bases for the given player."	ds	1
00bbaf50	int kbBaseGetNextID( void ): Returns the ID of the next base that will be created.	"int kbBaseGetNextID( void ): Returns the ID of the next base that will be created."	ds	1
00bbafb8	long kbFindClosestBase( long playerRelation, vector location ): gets the nearest base of player relation from the location.	"long kbFindClosestBase( long playerRelation, vector location ): gets the nearest base of player relation from the location."	ds	1
00bbb048	void kbSetAutoBaseDetectDistance( float v ): Sets the auto base creation distance.	"void kbSetAutoBaseDetectDistance( float v ): Sets the auto base creation distance."	ds	1
00bbb0b8	float kbGetAutoBaseDetect( void ): Returns the auto base creation distance.	"float kbGetAutoBaseDetect( void ): Returns the auto base creation distance."	ds	1
00bbb120	void kbSetAutoBaseDetect( bool v ): Sets the auto base detection value.	"void kbSetAutoBaseDetect( bool v ): Sets the auto base detection value."	ds	1
00bbb180	bool kbGetAutoBaseDetect( void ): Returns the auto base detection value.	"bool kbGetAutoBaseDetect( void ): Returns the auto base detection value."	ds	1
00bbb1e0	void kbSetAutoBaseCreateDistance( float v ): Sets the auto base creation distance.	"void kbSetAutoBaseCreateDistance( float v ): Sets the auto base creation distance."	ds	1
00bbb250	float kbGetAutoBaseCreate( void ): Returns the auto base creation distance.	"float kbGetAutoBaseCreate( void ): Returns the auto base creation distance."	ds	1
00bbb2b8	void kbSetAutoBaseCreate( bool v ): Sets the auto base creation value.	"void kbSetAutoBaseCreate( bool v ): Sets the auto base creation value."	ds	1
00bbb318	bool kbGetAutoBaseCreate( void ): Returns the auto base creation value.	"bool kbGetAutoBaseCreate( void ): Returns the auto base creation value."	ds	1
00bbb378	bool kbSetTownLocation( vector location ): Sets the location of the main town.	"bool kbSetTownLocation( vector location ): Sets the location of the main town."	ds	1
00bbb3e0	int kbGetTownAreaID( void ): Returns the area ID of the main town.	"int kbGetTownAreaID( void ): Returns the area ID of the main town."	ds	1
00bbb438	vector kbGetTownLocation( void ): Returns the location of the main town.	"vector kbGetTownLocation( void ): Returns the location of the main town."	ds	1
00bbb498	bool kbIsGameOver(): Returns whether the game is over or not.	"bool kbIsGameOver(): Returns whether the game is over or not."	ds	1
00bbb4e8	void kbSetPlayerHandicap( int playerID, float handicap ): Sets the indicated player's handicap multiplier (ie., 1.0 = no handicap).	"void kbSetPlayerHandicap( int playerID, float handicap ): Sets the indicated player's handicap multiplier (ie., 1.0 = no handicap)."	ds	1
00bbb580	float kbGetPlayerHandicap( int playerID ): Returns the player's handicap multiplier (ie., 1.0 = no handicap).	"float kbGetPlayerHandicap( int playerID ): Returns the player's handicap multiplier (ie., 1.0 = no handicap)."	ds	1
00bbb608	bool kbIsPlayerHuman( int playerID ): Returns true if the given player is a a human player.	"bool kbIsPlayerHuman( int playerID ): Returns true if the given player is a a human player."	ds	1
00bbb678	bool kbIsPlayerValid( int playerID ): Returns true if the given player is a valid player (i.e. it exists in the game).	"bool kbIsPlayerValid( int playerID ): Returns true if the given player is a valid player (i.e. it exists in the game)."	ds	1
00bbb700	int kbGetNumberMutualAllies( void ): Returns the number of mutual allies.	"int kbGetNumberMutualAllies( void ): Returns the number of mutual allies."	ds	1
00bbb768	bool kbIsPlayerMutualAlly( int playerID ): Returns true if the given player is a mutual ally.	"bool kbIsPlayerMutualAlly( int playerID ): Returns true if the given player is a mutual ally."	ds	1
00bbb7e0	bool kbIsPlayerAlly( int playerID ): Returns true if the given player is an ally.	"bool kbIsPlayerAlly( int playerID ): Returns true if the given player is an ally."	ds	1
00bbb848	bool kbIsPlayerNeutral( int playerID ): Returns true if the given player is a neutral player.	"bool kbIsPlayerNeutral( int playerID ): Returns true if the given player is a neutral player."	ds	1
00bbb8c0	bool kbIsPlayerEnemy( int playerID ): Returns true if the given player is an enemy.	"bool kbIsPlayerEnemy( int playerID ): Returns true if the given player is an enemy."	ds	1
00bbb928	string kbGetPlayerName( <playerID> ): Returns the player's name.	"string kbGetPlayerName( <playerID> ): Returns the player's name."	ds	1
00bbb980	int kbGetPlayerTeam( <playerID> ): Returns the player's team number.	"int kbGetPlayerTeam( <playerID> ): Returns the player's team number."	ds	1
00bbb9d8	bool kbHasPlayerLost( <playerID> ): Returns the player's lost status.	"bool kbHasPlayerLost( <playerID> ): Returns the player's lost status."	ds	1
00bbba30	bool kbIsPlayerResigned( <playerID> ): Returns the player's resigned status.	"bool kbIsPlayerResigned( <playerID> ): Returns the player's resigned status."	ds	1
00bbba98	float kbGetTechAICost( int techID ): Returns the AI cost for the given tech ID.	"float kbGetTechAICost( int techID ): Returns the AI cost for the given tech ID."	ds	1
00bbbaf8	float kbGetProtoUnitAICost( int protoUnitTypeID ): Returns the AI cost for the given protoUnit type ID.	"float kbGetProtoUnitAICost( int protoUnitTypeID ): Returns the AI cost for the given protoUnit type ID."	ds	1
00bbbb78	bool kbSetAICostWeight( int resourceID, float weight ): Sets the weight this resource type is given during AI cost calculuations.	"bool kbSetAICostWeight( int resourceID, float weight ): Sets the weight this resource type is given during AI cost calculuations."	ds	1
00bbbc10	float kbGetAICostWeight( int resourceID ): Returns the AI cost weight for the given resource.	"float kbGetAICostWeight( int resourceID ): Returns the AI cost weight for the given resource."	ds	1
00bbbc88	float kbGetCombatEfficiency( int playerID1, int unitTypeID1, int playerID2, int unitTypeID2 ): Returns the combat efficiency of the comparison (in terms of playerID1's units).	"float kbGetCombatEfficiency( int playerID1, int unitTypeID1, int playerID2, int unitTypeID2 ): Returns the combat efficiency of the comparison (in terms of playerID1's units)."	ds	1
00bbbd50	float kbGetTechPercentComplete( int techID ): Returns the percent complete for the the requested tech of the current player.	"float kbGetTechPercentComplete( int techID ): Returns the percent complete for the the requested tech of the current player."	ds	1
00bbbdf0	int kbTechGetStatus( int techID ): Returns the current tech status for the current player of the requested tech.	"int kbTechGetStatus( int techID ): Returns the current tech status for the current player of the requested tech."	ds	1
00bbbe78	bool kbProtoUnitIsType( int playerID, int protoUnitID, int unitTypeID ): Returns true if the protounit is of the unitTypeID.	"bool kbProtoUnitIsType( int playerID, int protoUnitID, int unitTypeID ): Returns true if the protounit is of the unitTypeID."	ds	1
00bbbf10	float kbTechCostPerResource( int techID, int resourceID): returns the cost of the tech for the given resource.	"float kbTechCostPerResource( int techID, int resourceID): returns the cost of the tech for the given resource."	ds	1
00bbbf98	bool kbCanAffordTech( int techID, int escrowID ): Returns true if the player can afford the tech.	"bool kbCanAffordTech( int techID, int escrowID ): Returns true if the player can afford the tech."	ds	1
00bbc010	float kbUnitCostPerResource( int protoUnitID, int resourceID): returns the cost of the protounit for the given resource.	"float kbUnitCostPerResource( int protoUnitID, int resourceID): returns the cost of the protounit for the given resource."	ds	1
00bbc0a8	bool kbCanAffordUnit( int protoUnitTypeID, int escrowID ): Returns true if the player can afford the proto unit.	"bool kbCanAffordUnit( int protoUnitTypeID, int escrowID ): Returns true if the player can afford the proto unit."	ds	1
00bbc130	int kbUnitGetProtoUnitID( int unitID ): Returns the unit's protounit ID.	"int kbUnitGetProtoUnitID( int unitID ): Returns the unit's protounit ID."	ds	1
00bbc198	int kbGetProtoUnitID( string name ): Returns the ID of the protounit.	"int kbGetProtoUnitID( string name ): Returns the ID of the protounit."	ds	1
00bbc1f8	bool kbProtoUnitAvailable( int protoUnitID ): Returns true if the protoUnit is currently available.	"bool kbProtoUnitAvailable( int protoUnitID ): Returns true if the protoUnit is currently available."	ds	1
00bbc278	float kbGetResourceIncome( int resourceID, float seconds, bool relative ): Returns the resource income over the last X seconds.	"float kbGetResourceIncome( int resourceID, float seconds, bool relative ): Returns the resource income over the last X seconds."	ds	1
00bbc318	float kbGetAmountValidResources( int baseID, int resourceTypeID, int resourceSubTypeID, float distance  ): Returns the resource amount of valid KB resources for the resource types.	"float kbGetAmountValidResources( int baseID, int resourceTypeID, int resourceSubTypeID, float distance  ): Returns the resource amount of valid KB resources for the resource types."	ds	1
00bbc3f0	int kbGetNumberValidResources( int baseID, int resourceTypeID, int resourceSubTypeID, float distance ): Returns the number of valid KB resources for the resource types.	"int kbGetNumberValidResources( int baseID, int resourceTypeID, int resourceSubTypeID, float distance ): Returns the number of valid KB resources for the resource types."	ds	1
00bbc4b8	int kbGetNumberValidResourcesByPlan( int planID, int baseID ): Returns the number of valid KB resources for the given plan/base.	"int kbGetNumberValidResourcesByPlan( int planID, int baseID ): Returns the number of valid KB resources for the given plan/base."	ds	1
00bbc560	float kbTotalResourceGet( int resourceID ): Returns the total amount of the given resource gathered to this point in the game.	"float kbTotalResourceGet( int resourceID ): Returns the total amount of the given resource gathered to this point in the game."	ds	1
00bbc5f8	float kbMaximumResourceGet( int resourceID ): Returns the maximum amount of the given resource you can have.	"float kbMaximumResourceGet( int resourceID ): Returns the maximum amount of the given resource you can have."	ds	1
00bbc680	float kbResourceGet( int resourceID ): Returns the current amount of the given resource.	"float kbResourceGet( int resourceID ): Returns the current amount of the given resource."	ds	1
00bbc6f0	long kbResourceGetXP( int playerID ): Returns the current amount XP the given player has.	"long kbResourceGetXP( int playerID ): Returns the current amount XP the given player has."	ds	1
00bbc760	long kbGetHCLevel( int playerID ): Returns the current HomeCity Level of the given player.	"long kbGetHCLevel( int playerID ): Returns the current HomeCity Level of the given player."	ds	1
00bbc7d0	bool kbSetupForResource( int baseID, int resourceID, float distance, float amount ): Returns true if amount of resource is within distance of a dropsite.	"bool kbSetupForResource( int baseID, int resourceID, float distance, float amount ): Returns true if amount of resource is within distance of a dropsite."	ds	1
00bbc898	bool kbTargetSelectorStart( void ): Starts the current target selector.	"bool kbTargetSelectorStart( void ): Starts the current target selector."	ds	1
00bbc8f8	int kbTargetSelectorGetResultValue( int index ): Returns the result value for given index of the current target selector.	"int kbTargetSelectorGetResultValue( int index ): Returns the result value for given index of the current target selector."	ds	1
00bbc998	int kbTargetSelectorGetNumberResults( void ): Returns the number of results in the given target selector.	"int kbTargetSelectorGetNumberResults( void ): Returns the number of results in the given target selector."	ds	1
00bbca28	bool kbTargetSelectorAddQueryResults( int queryID ): Sets the list of potential targets to the results in the given query.	"bool kbTargetSelectorAddQueryResults( int queryID ): Sets the list of potential targets to the results in the given query."	ds	1
00bbcac8	bool kbTargetSelectorAddUnitType( int protoUnitTypeID ): Add the UAIT for the given BASE unit type as a filter.	"bool kbTargetSelectorAddUnitType( int protoUnitTypeID ): Add the UAIT for the given BASE unit type as a filter."	ds	1
00bbcb58	bool kbTargetSelectorSelect( int id ): Selects the given target selector.	"bool kbTargetSelectorSelect( int id ): Selects the given target selector."	ds	1
00bbcbc0	bool kbTargetSelectorResetResults( void ): Resets the current target selector.	"bool kbTargetSelectorResetResults( void ): Resets the current target selector."	ds	1
00bbcc30	bool kbTargetSelectorDestroy( int id ): Destroys the given target selector.	"bool kbTargetSelectorDestroy( int id ): Destroys the given target selector."	ds	1
00bbcc98	int kbTargetSelectorCreate( string name ): Creates a target selector; returns the ID.	"int kbTargetSelectorCreate( string name ): Creates a target selector; returns the ID."	ds	1
00bbcd08	float kbBuildingPlacementGetResultValue( int bpID ): Returns the result value for given BP ID.	"float kbBuildingPlacementGetResultValue( int bpID ): Returns the result value for given BP ID."	ds	1
00bbcd90	vector kbBuildingPlacementGetResultPosition( int bpID ): Returns the vector result position for given BP ID.	"vector kbBuildingPlacementGetResultPosition( int bpID ): Returns the vector result position for given BP ID."	ds	1
00bbce28	bool kbBuildingPlacementStart( void ): Starts the placement of current building.	"bool kbBuildingPlacementStart( void ): Starts the placement of current building."	ds	1
00bbce98	bool kbBuildingPlacementSetMinimumValue( float minimumValue ): Sets the minimum acceptable value for evaluated spots in the BP.	"bool kbBuildingPlacementSetMinimumValue( float minimumValue ): Sets the minimum acceptable value for evaluated spots in the BP."	ds	1
00bbcf40	bool kbBuildingPlacementAddPositionInfluence( vector position, float value, float distance ): Adds the position influence for the current building placement.	"bool kbBuildingPlacementAddPositionInfluence( vector position, float value, float distance ): Adds the position influence for the current building placement."	ds	1
00bbd008	bool kbBuildingPlacementAddUnitInfluence( int typeID, float value, float distance, long kbResourceID ): Adds the unit influence for the current building placement.	"bool kbBuildingPlacementAddUnitInfluence( int typeID, float value, float distance, long kbResourceID ): Adds the unit influence for the current building placement."	ds	1
00bbd0d0	bool kbBuildingPlacementSetCenterPosition( vector position, float distance, float obstructionRadius ): Sets up center position-based BP.	"bool kbBuildingPlacementSetCenterPosition( vector position, float distance, float obstructionRadius ): Sets up center position-based BP."	ds	1
00bbd188	bool kbBuildingPlacementAddAreaGroupID( int areaGroupID ): Adds the AreaGroup ID to the current BP.	"bool kbBuildingPlacementAddAreaGroupID( int areaGroupID ): Adds the AreaGroup ID to the current BP."	ds	1
00bbd210	bool kbBuildingPlacementAddAreaID( int areaID, int numberBorderAreaLayers, bool addCenterInfluence ): Adds the Area ID to the current BP (with the given number of border area layers), addCenterInfluence - adds a positional influence from the area center.	"bool kbBuildingPlacementAddAreaID( int areaID, int numberBorderAreaLayers, bool addCenterInfluence ): Adds the Area ID to the current BP (with the given number of border area layers), addCenterInfluence - adds a positional influence from the area center."	ds	1
00bbd330	bool kbBuildingPlacementSetBaseID( int baseID, int locationPref ): Sets the base ID and location preference for the current building placement.	"bool kbBuildingPlacementSetBaseID( int baseID, int locationPref ): Sets the base ID and location preference for the current building placement."	ds	1
00bbd3e0	bool kbBuildingPlacementSetBuildingType( int buildingTypeID ): Sets the building type for the current building placement.	"bool kbBuildingPlacementSetBuildingType( int buildingTypeID ): Sets the building type for the current building placement."	ds	1
00bbd480	bool kbBuildingPlacementSetEventHandler( int eventType, string handlerName ): Sets event handler function for the current BP and event.	"bool kbBuildingPlacementSetEventHandler( int eventType, string handlerName ): Sets event handler function for the current BP and event."	ds	1
00bbd530	bool kbBuildingPlacementSelect( int id ): Selects the given building placement.	"bool kbBuildingPlacementSelect( int id ): Selects the given building placement."	ds	1
00bbd5a0	bool kbBuildingPlacementResetResults( void ): Resets the current building placement.	"bool kbBuildingPlacementResetResults( void ): Resets the current building placement."	ds	1
00bbd618	bool kbBuildingPlacementDestroy( int id ): Destroys the given building placement.	"bool kbBuildingPlacementDestroy( int id ): Destroys the given building placement."	ds	1
00bbd688	int kbBuildingPlacementCreate( string name ): Creates a building placement; returns the ID.	"int kbBuildingPlacementCreate( string name ): Creates a building placement; returns the ID."	ds	1
00bbd700	bool kbEscrowAllocateCurrentResources( void ): Reallocates the current resource stockpile into the escrows.	"bool kbEscrowAllocateCurrentResources( void ): Reallocates the current resource stockpile into the escrows."	ds	1
00bbd790	bool kbEscrowFlush( int escrowID, int resourceID, bool flushChildren ): Removes all credits (and puts them into the root escrow) of the given resource type from the given escrow.	"bool kbEscrowFlush( int escrowID, int resourceID, bool flushChildren ): Removes all credits (and puts them into the root escrow) of the given resource type from the given escrow."	ds	1
00bbd858	float kbEscrowGetAmount( int escrowID, int resourceID ): Returns the amount of credits in the given escrow for the given resource.	"float kbEscrowGetAmount( int escrowID, int resourceID ): Returns the amount of credits in the given escrow for the given resource."	ds	1
00bbd8f0	bool kbEscrowSetCap( int escrowID, int resourceID, float cap ): Sets the cap of the escrow.	"bool kbEscrowSetCap( int escrowID, int resourceID, float cap ): Sets the cap of the escrow."	ds	1
00bbd960	bool kbEscrowSetPercentage( int escrowID, int resourceID, float percentage ): Sets the percentage of the escrow.	"bool kbEscrowSetPercentage( int escrowID, int resourceID, float percentage ): Sets the percentage of the escrow."	ds	1
00bbd9f0	float kbEscrowGetPercentage( int escrowID, int resourceID ): Returns the percentage of the escrow.	"float kbEscrowGetPercentage( int escrowID, int resourceID ): Returns the percentage of the escrow."	ds	1
00bbda70	int kbEscrowGetID( string name ): Returns the ID of the named escrow.	"int kbEscrowGetID( string name ): Returns the ID of the named escrow."	ds	1
00bbdac8	bool kbEscrowDestroy( int escrowID, bool promoteChildren ): Destroys an escrow.	"bool kbEscrowDestroy( int escrowID, bool promoteChildren ): Destroys an escrow."	ds	1
00bbdb28	int kbEscrowCreate( string name, int resourceID, float percentage, int parentID ): Creates an escrow.	"int kbEscrowCreate( string name, int resourceID, float percentage, int parentID ): Creates an escrow."	ds	1
00bbdba0	int kbGetAttackRouteID( long startAreaID, long goalAreaID): Returns the id of the routes from area1 to area2.	"int kbGetAttackRouteID( long startAreaID, long goalAreaID): Returns the id of the routes from area1 to area2."	ds	1
00bbdc28	int kbGetNumAttackRoutes( long startAreaID, long goalAreaID): Returns num paths from start to goal area.	"int kbGetNumAttackRoutes( long startAreaID, long goalAreaID): Returns num paths from start to goal area."	ds	1
00bbdcb0	bool kbMakeAttackRoutes(): find all the paths to the sector specified.	"bool kbMakeAttackRoutes(): find all the paths to the sector specified."	ds	1
00bbdd10	bool kbAttackRouteAddPath( int attackRouteID, int pathID): Rreturns true if path was added to attack route.	"bool kbAttackRouteAddPath( int attackRouteID, int pathID): Rreturns true if path was added to attack route."	ds	1
00bbdd98	bool kbAddAttackRouteIgnoreType( int ignoreAreaTypeID ): ignore this areatype when finding the route.	"bool kbAddAttackRouteIgnoreType( int ignoreAreaTypeID ): ignore this areatype when finding the route."	ds	1
00bbde20	bool kbAddAttackRouteIgnoreID( int ignoreAreaID ): ignore this area when finding the route.	"bool kbAddAttackRouteIgnoreID( int ignoreAreaID ): ignore this area when finding the route."	ds	1
00bbde98	bool kbAddAttackRouteSector( int sector ): add a new sector to path to.	"bool kbAddAttackRouteSector( int sector ): add a new sector to path to."	ds	1
00bbdef8	bool kbDestroyAttackRoute( int routeID ): Returns true if the route was deleted.	"bool kbDestroyAttackRoute( int routeID ): Returns true if the route was deleted."	ds	1
00bbdf68	int kbCreateAttackRouteWithPath( string name, vector startPt, vector endPt): Returns the Route ID if successful.	"int kbCreateAttackRouteWithPath( string name, vector startPt, vector endPt): Returns the Route ID if successful."	ds	1
00bbdff8	int kbCreateAttackRoute( string name, int startAreaID, int goalAreaID, int numInitialRoutes): Returns the Route ID if successful.	"int kbCreateAttackRoute( string name, int startAreaID, int goalAreaID, int numInitialRoutes): Returns the Route ID if successful."	ds	1
00bbe098	bool kbCanPath2( vector pointA, vector pointB, long protoUnitTypeID, float range ): Returns true if the given unit type can path from pointA to pointB.	"bool kbCanPath2( vector pointA, vector pointB, long protoUnitTypeID, float range ): Returns true if the given unit type can path from pointA to pointB."	ds	1
00bbe140	bool kbCanSimPath( vector pointA, vector pointB, long protoUnitTypeID, float range ): Returns true if the given unit type can path from pointA to pointB.	"bool kbCanSimPath( vector pointA, vector pointB, long protoUnitTypeID, float range ): Returns true if the given unit type can path from pointA to pointB."	ds	1
00bbe1f0	vector kbPathGetWaypoint( int pathID, long waypointNumber ): Returns the appropriate waypoint from the given path.	"vector kbPathGetWaypoint( int pathID, long waypointNumber ): Returns the appropriate waypoint from the given path."	ds	1
00bbe278	bool kbPathAddWaypoint( int pathID, vector waypoint ): Adds the waypoint to the given path.	"bool kbPathAddWaypoint( int pathID, vector waypoint ): Adds the waypoint to the given path."	ds	1
00bbe2e8	int kbPathGetNumberWaypoints( int pathID ): Returns the number of waypoints in the given path.	"int kbPathGetNumberWaypoints( int pathID ): Returns the number of waypoints in the given path."	ds	1
00bbe368	float kbPathGetLength( int pathID ): Returns the length of the given path.	"float kbPathGetLength( int pathID ): Returns the length of the given path."	ds	1
00bbe3c8	string kbPathGetName( int pathID ): Returns the name of the given path.	"string kbPathGetName( int pathID ): Returns the name of the given path."	ds	1
00bbe420	int kbPathGetIDByIndex( long index ): Returns the index-th path ID.	"int kbPathGetIDByIndex( long index ): Returns the index-th path ID."	ds	1
00bbe478	int kbPathGetNumber( void ): Returns the number of paths.	"int kbPathGetNumber( void ): Returns the number of paths."	ds	1
00bbe4c4	bool kbPathDestroy( int pathID ): Destroys the given path.	"bool kbPathDestroy( int pathID ): Destroys the given path."	ds	1
00bbe510	int kbPathCreate( string name ): Creates a path with the given name.	"int kbPathCreate( string name ): Creates a path with the given name."	ds	1
00bbe568	int kbAreaGetClosetArea( vector position, int areaType, int areaType1, float minDistance ): Returns the Area ID of the closest area, of the given types, to given postion.	"int kbAreaGetClosetArea( vector position, int areaType, int areaType1, float minDistance ): Returns the Area ID of the closest area, of the given types, to given postion."	ds	1
00bbe628	int kbAreaFindBestGatherAreaID( int unitTypeID ): Returns the Area ID of the best area to gather the given unit type.	"int kbAreaFindBestGatherAreaID( int unitTypeID ): Returns the Area ID of the best area to gather the given unit type."	ds	1
00bbe6c0	int kbGetVPGeneratorByScoreType(int siteType): returns the protounit ID for the VP generator that corresponds to this type of VP site.	"int kbGetVPGeneratorByScoreType(int siteType): returns the protounit ID for the VP generator that corresponds to this type of VP site."	ds	1
00bbe768	int kbVPSiteGetState(int siteID): returns the specified VP site's state.	"int kbVPSiteGetState(int siteID): returns the specified VP site's state."	ds	1
00bbe7c8	int kbVPSiteGetOwnerPlayerID(int siteID): returns the specified VP site's owning player.	"int kbVPSiteGetOwnerPlayerID(int siteID): returns the specified VP site's owning player."	ds	1
00bbe840	int kbVPSiteGetLocation(int siteID): returns the specified VP site's world location.	"int kbVPSiteGetLocation(int siteID): returns the specified VP site's world location."	ds	1
00bbe8b0	int kbVPSiteGetType(int siteID): returns the specified VP site's type (e.g., native, trade, etc).	"int kbVPSiteGetType(int siteID): returns the specified VP site's type (e.g., native, trade, etc)."	ds	1
00bbe924	void kbDumpVPSiteInfo(): blogs out info about all VP sites.	"void kbDumpVPSiteInfo(): blogs out info about all VP sites."	ds	1
00bbe978	int kbVPSiteQuery(int scoreType, int playerRelationOrID, int siteState): returns ID for an array containing VP site IDs that match the specified parameters.	"int kbVPSiteQuery(int scoreType, int playerRelationOrID, int siteState): returns ID for an array containing VP site IDs that match the specified parameters."	ds	1
00bbea28	int kbAreaGetVPSiteID(int areaID): returns an area's VP site ID (-1 if an area doesn't have a VP site).	"int kbAreaGetVPSiteID(int areaID): returns an area's VP site ID (-1 if an area doesn't have a VP site)."	ds	1
00bbeaa4	int kbAreaGetType( int areaID ): Returns the Type of area.	"int kbAreaGetType( int areaID ): Returns the Type of area."	ds	1
00bbeaf0	int kbAreaGetBorderAreaID( int areaID, long index ): Returns the Area ID of the index-th border area in the given area.	"int kbAreaGetBorderAreaID( int areaID, long index ): Returns the Area ID of the index-th border area in the given area."	ds	1
00bbeb80	int kbAreaGetNumberBorderAreas( int areaID ): Returns the number of border areas for the given area.	"int kbAreaGetNumberBorderAreas( int areaID ): Returns the number of border areas for the given area."	ds	1
00bbec08	int kbAreaGetUnitID( int areaID, long index ): Returns the Unit ID of the index-th unit in the given area.	"int kbAreaGetUnitID( int areaID, long index ): Returns the Unit ID of the index-th unit in the given area."	ds	1
00bbec88	int kbAreaGetNumberUnits( int areaID ): Returns the number of units in the given area.	"int kbAreaGetNumberUnits( int areaID ): Returns the number of units in the given area."	ds	1
00bbecf8	int kbAreaGetVisibilityChangeTime( int areaID ): Returns the gametime of the last visibility change for the given area.	"int kbAreaGetVisibilityChangeTime( int areaID ): Returns the gametime of the last visibility change for the given area."	ds	1
00bbed90	int kbAreaGetNumberFogTiles( int areaID ): Returns the number of fog tiles in the given area.	"int kbAreaGetNumberFogTiles( int areaID ): Returns the number of fog tiles in the given area."	ds	1
00bbee08	int kbAreaGetNumberVisibleTiles( int areaID ): Returns the number of visible tiles in the given area.	"int kbAreaGetNumberVisibleTiles( int areaID ): Returns the number of visible tiles in the given area."	ds	1
00bbee90	int kbAreaGetNumberBlackTiles( int areaID ): Returns the number of black tiles in the given area.	"int kbAreaGetNumberBlackTiles( int areaID ): Returns the number of black tiles in the given area."	ds	1
00bbef10	int kbAreaGetNumberTiles( int areaID ): Returns the number of tiles in the given area.	"int kbAreaGetNumberTiles( int areaID ): Returns the number of tiles in the given area."	ds	1
00bbef80	vector kbAreaGetCenter( int areaID ): Returns the center of the given area.	"vector kbAreaGetCenter( int areaID ): Returns the center of the given area."	ds	1
00bbefe0	vector kbAreaGroupGetCenter( int groupID ): Returns the center of the given areaGroup.	"vector kbAreaGroupGetCenter( int groupID ): Returns the center of the given areaGroup."	ds	1
00bbf050	int kbAreaGroupGetIDByPosition( vector position ): Returns the ID of the given area group.	"int kbAreaGroupGetIDByPosition( vector position ): Returns the ID of the given area group."	ds	1
00bbf0c8	int kbAreaGetIDByPosition( vector position ): Returns the ID of the given area.	"int kbAreaGetIDByPosition( vector position ): Returns the ID of the given area."	ds	1
00bbf130	int kbAreaGetNumber( void ): Returns the number of areas.	"int kbAreaGetNumber( void ): Returns the number of areas."	ds	1
00bbf180	void kbAreaCalculate(): Creates areas and area groups. DO THIS BEFORE ANYTHING ELSE IN YOUR SCRIPT.	"void kbAreaCalculate(): Creates areas and area groups. DO THIS BEFORE ANYTHING ELSE IN YOUR SCRIPT."	ds	1
00bbf1f4	float kbGetMapZSize( void ): Returns the Z size of the map.	"float kbGetMapZSize( void ): Returns the Z size of the map."	ds	1
00bbf240	float kbGetMapXSize( void ): Returns the X size of the map.	"float kbGetMapXSize( void ): Returns the X size of the map."	ds	1
00bbf290	vector kbGetMapCenter( void ): Returns the center vector of the map.	"vector kbGetMapCenter( void ): Returns the center vector of the map."	ds	1
00bbf2e8	void kbUnitCountConsole(int playerID1, int playerID2, string unitType, string state(s) ): Returns a quick unit count of player2's units from player1's perspective.	"void kbUnitCountConsole(int playerID1, int playerID2, string unitType, string state(s) ): Returns a quick unit count of player2's units from player1's perspective."	ds	1
00bbf3a0	int kbUnitCount(int player, int unitTypeID, int stateID ): Returns a quick unit count of units for a player.	"int kbUnitCount(int player, int unitTypeID, int stateID ): Returns a quick unit count of units for a player."	ds	1
00bbf420	int kbGetPopulationSlotsByQueryID( int queryID ): Returns the number of pop slots currently occupied by the results in the given query.	"int kbGetPopulationSlotsByQueryID( int queryID ): Returns the number of pop slots currently occupied by the results in the given query."	ds	1
00bbf4c8	int kbGetPopulationSlotsByUnitTypeID( int playerID, int unitTypeID ): Returns the number of pop slots currently occupied by this unit type.	"int kbGetPopulationSlotsByUnitTypeID( int playerID, int unitTypeID ): Returns the number of pop slots currently occupied by this unit type."	ds	1
00bbf578	int kbGetPopSlots(int player, int unitTypeID ): Returns the number of pop slots this unit takes (ONLY WORKS ON BASE UNIT TYPES).	"int kbGetPopSlots(int player, int unitTypeID ): Returns the number of pop slots this unit takes (ONLY WORKS ON BASE UNIT TYPES)."	ds	1
00bbf610	int kbGetPopCapAddition(int player, int unitTypeID ): Returns amount of pop cap addition provided by the given unit type (ONLY WORKS ON BASE UNIT TYPES).	"int kbGetPopCapAddition(int player, int unitTypeID ): Returns amount of pop cap addition provided by the given unit type (ONLY WORKS ON BASE UNIT TYPES)."	ds	1
00bbf6c0	int kbGetBuildLimit(int player, int unitTypeID ): Returns the number of the unit type you are allowed to have (ONLY WORKS ON BASE UNIT TYPES); returns -1 if there is no limit.	"int kbGetBuildLimit(int player, int unitTypeID ): Returns the number of the unit type you are allowed to have (ONLY WORKS ON BASE UNIT TYPES); returns -1 if there is no limit."	ds	1
00bbf780	int kbUnitGetWorkerID( int unitID, int index ): Returns the index-th worker unit ID.	"int kbUnitGetWorkerID( int unitID, int index ): Returns the index-th worker unit ID."	ds	1
00bbf7f0	int kbUnitGetNumberWorkers( int unitID ): Returns the number of units currently working on the given unit.	"int kbUnitGetNumberWorkers( int unitID ): Returns the number of units currently working on the given unit."	ds	1
00bbf878	int kbUnitGetTargetUnitID( int unitID ): Returns the target unit ID of the given unit.	"int kbUnitGetTargetUnitID( int unitID ): Returns the target unit ID of the given unit."	ds	1
00bbf8e8	int kbUnitGetActionType( int unitID ): Returns the actionTypeID of the unit.	"int kbUnitGetActionType( int unitID ): Returns the actionTypeID of the unit."	ds	1
00bbf950	bool kbUnitIsType( int unitID, long unitTypeID ): Returns true if the unit is of the unitTypeID.	"bool kbUnitIsType( int unitID, long unitTypeID ): Returns true if the unit is of the unitTypeID."	ds	1
00bbf9c8	vector kbUnitGetPosition( int unitID ): Returns the position for this unit ID.	"vector kbUnitGetPosition( int unitID ): Returns the position for this unit ID."	ds	1
00bbfa30	float kbUnitGetMaximumAICost( int unitID ): Returns the maximum AI cost (worth) for this unit ID.	"float kbUnitGetMaximumAICost( int unitID ): Returns the maximum AI cost (worth) for this unit ID."	ds	1
00bbfab0	float kbUnitGetCurrentAICost( int unitID ): Returns the current AI cost (worth) for this unit ID.	"float kbUnitGetCurrentAICost( int unitID ): Returns the current AI cost (worth) for this unit ID."	ds	1
00bbfb30	float kbUnitGetHealth( int unitID ): Returns the health for this unit ID.	"float kbUnitGetHealth( int unitID ): Returns the health for this unit ID."	ds	1
00bbfb90	float kbUnitGetMaximumHitpoints( int unitID ): Returns the maximum hitpoints for this unit ID.	"float kbUnitGetMaximumHitpoints( int unitID ): Returns the maximum hitpoints for this unit ID."	ds	1
00bbfc10	float kbUnitGetCurrentHitpoints( int unitID ): Returns the current hitpoints for this unit ID.	"float kbUnitGetCurrentHitpoints( int unitID ): Returns the current hitpoints for this unit ID."	ds	1
00bbfc90	int kbUnitGetMovementType( int unitTypeID ): Returns the movementType for this unitTypeID.	"int kbUnitGetMovementType( int unitTypeID ): Returns the movementType for this unitTypeID."	ds	1
00bbfd08	int kbUnitGetArmyID( int unitID ): Returns the army ID for this unit ID.	"int kbUnitGetArmyID( int unitID ): Returns the army ID for this unit ID."	ds	1
00bbfd68	int kbUnitGetAreaID( int unitID ): Returns the area ID for this unit ID.	"int kbUnitGetAreaID( int unitID ): Returns the area ID for this unit ID."	ds	1
00bbfdc8	int kbUnitGetBaseID( int unitID ): Returns the base ID for this unit ID.	"int kbUnitGetBaseID( int unitID ): Returns the base ID for this unit ID."	ds	1
00bbfe28	int kbUnitGetPlanID( int unitID ): Returns the plan ID for this unit ID.	"int kbUnitGetPlanID( int unitID ): Returns the plan ID for this unit ID."	ds	1
00bbfe88	int kbUnitGetPlayerID(int unitID ): Returns the player ID for this unit ID.	"int kbUnitGetPlayerID(int unitID ): Returns the player ID for this unit ID."	ds	1
00bbfee8	float kbUnitQueryGetUnitHitpoints(int queryID, bool considerHealth): gets HP of query's units, using current HP if requested.	"float kbUnitQueryGetUnitHitpoints(int queryID, bool considerHealth): gets HP of query's units, using current HP if requested."	ds	1
00bbff88	float kbUnitQueryGetUnitCost(int queryID, bool considerHealth): gets total aiCost of query's units, weighted for HP if requested.	"float kbUnitQueryGetUnitCost(int queryID, bool considerHealth): gets total aiCost of query's units, weighted for HP if requested."	ds	1
00bc0028	int kbUnitQueryExecuteOnQueryByName( long currentQueryID, string previousQueryName ): Executes the current query on the previous query's results; returns the new number of results.	"int kbUnitQueryExecuteOnQueryByName( long currentQueryID, string previousQueryName ): Executes the current query on the previous query's results; returns the new number of results."	ds	1
00bc0100	int kbUnitQueryExecuteOnQuery( long currentQueryID, int previousQueryID ): Executes the current query on the previous query's results; returns the new number of results.	"int kbUnitQueryExecuteOnQuery( long currentQueryID, int previousQueryID ): Executes the current query on the previous query's results; returns the new number of results."	ds	1
00bc01c8	int kbUnitQueryExecute( long queryID ): Executes the current query; returns number of results.	"int kbUnitQueryExecute( long queryID ): Executes the current query; returns number of results."	ds	1
00bc0240	bool kbUnitQuerySetSeeableOnly( long queryID, bool seeableOnly ): Sets query data.	"bool kbUnitQuerySetSeeableOnly( long queryID, bool seeableOnly ): Sets query data."	ds	1
00bc02b0	bool kbUnitQuerySetArmyID( long queryID, int armyID ): Sets query data.	"bool kbUnitQuerySetArmyID( long queryID, int armyID ): Sets query data."	ds	1
00bc0310	bool kbUnitQuerySetAreaGroupID( long queryID, int areaGroupID ): Sets query data.	"bool kbUnitQuerySetAreaGroupID( long queryID, int areaGroupID ): Sets query data."	ds	1
00bc0380	bool kbUnitQuerySetAreaID( long queryID, int areaID ): Sets query data.	"bool kbUnitQuerySetAreaID( long queryID, int areaID ): Sets query data."	ds	1
00bc03e0	bool kbUnitQuerySetBaseID( long queryID, int baseID ): Sets query data.	"bool kbUnitQuerySetBaseID( long queryID, int baseID ): Sets query data."	ds	1
00bc0440	bool kbUnitQuerySetAscendingSort( long queryID, bool v ): If parm is true, results are sorted in ascending distance order from the query position.	"bool kbUnitQuerySetAscendingSort( long queryID, bool v ): If parm is true, results are sorted in ascending distance order from the query position."	ds	1
00bc04f0	bool kbUnitQuerySetIgnoreKnockedOutUnits( long queryID, bool v ): Sets query data.	"bool kbUnitQuerySetIgnoreKnockedOutUnits( long queryID, bool v ): Sets query data."	ds	1
00bc0568	bool kbUnitQuerySetMaximumDistance( long queryID, float distance ): Sets query data.	"bool kbUnitQuerySetMaximumDistance( long queryID, float distance ): Sets query data."	ds	1
00bc05e0	bool kbUnitQuerySetPosition( long queryID, vector v ): Sets query data.	"bool kbUnitQuerySetPosition( long queryID, vector v ): Sets query data."	ds	1
00bc0640	bool kbUnitQuerySetState( long queryID, int state ): Sets query data.	"bool kbUnitQuerySetState( long queryID, int state ): Sets query data."	ds	1
00bc06a0	bool kbUnitQuerySetActionType( long queryID, int actionTypeID ): Sets query data.	"bool kbUnitQuerySetActionType( long queryID, int actionTypeID ): Sets query data."	ds	1
00bc0710	bool kbUnitQuerySetUnitType( long queryID, int unitTypeID ): Sets query data.	"bool kbUnitQuerySetUnitType( long queryID, int unitTypeID ): Sets query data."	ds	1
00bc0778	bool kbUnitQuerySetPlayerRelation( long queryID, int playerRelation ): Sets query data.	"bool kbUnitQuerySetPlayerRelation( long queryID, int playerRelation ): Sets query data."	ds	1
00bc07f0	bool kbUnitQuerySetPlayerID( long queryID, int playerID, bool resetQueryData ): Sets query data.	"bool kbUnitQuerySetPlayerID( long queryID, int playerID, bool resetQueryData ): Sets query data."	ds	1
00bc0870	int kbUnitQueryGetResult( long queryID, int index ): Returns the UnitID of the index-th result in the current query.	"int kbUnitQueryGetResult( long queryID, int index ): Returns the UnitID of the index-th result in the current query."	ds	1
00bc0900	int kbUnitQueryNumberResults( long queryID ): Returns the number of results in the current query.	"int kbUnitQueryNumberResults( long queryID ): Returns the number of results in the current query."	ds	1
00bc0980	bool kbUnitQueryDestroy( long queryID ): Destroys the given unit query.	"bool kbUnitQueryDestroy( long queryID ): Destroys the given unit query."	ds	1
00bc09e0	bool kbUnitQueryResetResults( long queryID ): Resets the given unit query results.	"bool kbUnitQueryResetResults( long queryID ): Resets the given unit query results."	ds	1
00bc0a50	bool kbUnitQueryResetData( long queryID ): Resets the given unit query data AND results.	"bool kbUnitQueryResetData( long queryID ): Resets the given unit query data AND results."	ds	1
00bc0ac8	int kbUnitQueryCreate( string name ): Creates a unit query, returns the query ID.	"int kbUnitQueryCreate( string name ): Creates a unit query, returns the query ID."	ds	1
00bc0b38	string kbGetCivName( int civID ): Returns the civ name for the given civ.	"string kbGetCivName( int civID ): Returns the civ name for the given civ."	ds	1
00bc0b98	int kbGetCivForPlayer( void ): Returns the civ for the given player.	"int kbGetCivForPlayer( void ): Returns the civ for the given player."	ds	1
00bc0bf4	int kbGetCiv( void ): Returns the civilization for the player.	"int kbGetCiv( void ): Returns the civilization for the player."	ds	1
00bc0c40	string kbGetCulture( int cultureID ): Returns the culture name for the given culture.	"string kbGetCulture( int cultureID ): Returns the culture name for the given culture."	ds	1
00bc0cb0	int kbGetCultureForPlayer( void ): Returns the culture for the given player.	"int kbGetCultureForPlayer( void ): Returns the culture for the given player."	ds	1
00bc0d18	int kbGetCulture( void ): Returns the culture for the player.	"int kbGetCulture( void ): Returns the culture for the player."	ds	1
00bc0d68	int kbGetAgeForPlayer( int id ): Returns the current age for the player specified.	"int kbGetAgeForPlayer( int id ): Returns the current age for the player specified."	ds	1
00bc0dd0	int kbGetAge( void ): Returns the current age for the current player.	"int kbGetAge( void ): Returns the current age for the current player."	ds	1
00bc0e28	int kbGetPopCap( void ): Returns the current population cap for the player.	"int kbGetPopCap( void ): Returns the current population cap for the player."	ds	1
00bc0e80	int kbGetPop( void ): Returns the current population for the player.	"int kbGetPop( void ): Returns the current population for the player."	ds	1
00bc0ed8	void kbLookAtAllUnitsOnMap( void ): Cheats and looks at all of the units on the map.  This will format your harddrive if you're not authorized to use it.	"void kbLookAtAllUnitsOnMap( void ): Cheats and looks at all of the units on the map.  This will format your harddrive if you're not authorized to use it."	ds	1
00bc0f90	void kbDumpType( int player1, int player2, string typeName ): KB dump for player2's units of the given type from player1's perspective.	"void kbDumpType( int player1, int player2, string typeName ): KB dump for player2's units of the given type from player1's perspective."	ds	1
00bc1028	void kbDump( int player1, int player2 ): KB dump for player2's units from player1's perspective.	"void kbDump( int player1, int player2 ): KB dump for player2's units from player1's perspective."	ds	1
00bc1168	int kbProgressionGetNodeData( int progressionID, int nodeIndex ): Returns the data at nodeIndex, either UnitID or TechID, depending on the type.	"int kbProgressionGetNodeData( int progressionID, int nodeIndex ): Returns the data at nodeIndex, either UnitID or TechID, depending on the type."	ds	1
00bc1218	int kbProgressionGetNodeType( int progressionID, int nodeIndex ): Returns the type of node at the given index, either Unit type or Tech type.	"int kbProgressionGetNodeType( int progressionID, int nodeIndex ): Returns the type of node at the given index, either Unit type or Tech type."	ds	1
00bc12c8	float kbProgessionGetTotalResourceCost( int progressionID, int resourceID ): Returns the total cost of the given resource for this progressionID. A resourceID of -1 will return the total Cost.	"float kbProgessionGetTotalResourceCost( int progressionID, int resourceID ): Returns the total cost of the given resource for this progressionID. A resourceID of -1 will return the total Cost."	ds	1
00bc13b0	int kbProgressionGetTotalNodes( int progressionID ): Returns the total number of steps to complete the progression.	"int kbProgressionGetTotalNodes( int progressionID ): Returns the total number of steps to complete the progression."	ds	1
00bc1698	void kbTechTreeDump( void ): Dumps the current state of the KBTT.	"void kbTechTreeDump( void ): Dumps the current state of the KBTT."	ds	1
00bc16f0	int kbTechTreeGetCheapestEconUpgrade( int resourceUnitTypeID ): gets cheapest researchable econ upgrade, optionally for specified resource unit type.	"int kbTechTreeGetCheapestEconUpgrade( int resourceUnitTypeID ): gets cheapest researchable econ upgrade, optionally for specified resource unit type."	ds	1
00bc17b0	int kbTechTreeGetCheapestUnitUpgrade( int unitTypeID ): gets cheapest researchable unit upgrade, optionally for specified unit/unit line.	"int kbTechTreeGetCheapestUnitUpgrade( int unitTypeID ): gets cheapest researchable unit upgrade, optionally for specified unit/unit line."	ds	1
00bc1860	int kbCreateTechProgression( string techName, string name ): Creates a tech progression of the given name.	"int kbCreateTechProgression( string techName, string name ): Creates a tech progression of the given name."	ds	1
00bc18e8	int kbCreateUnitProgression( string unitName, string name ): Creates a unit progression of the given name.	"int kbCreateUnitProgression( string unitName, string name ): Creates a unit progression of the given name."	ds	1
00bc1970	string kbGetUnitTypeName( int unitTypeID ): Returns the name of the unit type.	"string kbGetUnitTypeName( int unitTypeID ): Returns the name of the unit type."	ds	1
00bc19d8	int kbGetUnitBaseTypeID( int unitID ): Returns the base type ID of the unit.	"int kbGetUnitBaseTypeID( int unitID ): Returns the base type ID of the unit."	ds	1
00bc1a40	string kbGetProtoUnitName( int protoUnitTypeID ): Returns the name of the protounit ID.	"string kbGetProtoUnitName( int protoUnitTypeID ): Returns the name of the protounit ID."	ds	1
00bc1ab0	string kbGetTechName( int techID ): Returns the name of the tech ID.	"string kbGetTechName( int techID ): Returns the name of the tech ID."	ds	1